{"cameraMode":{"drawMode":0,"name":"Shaded","section":"Shading Mode"},"sceneLighting":true,"audioPlay":false,"sceneViewState":{"m_AlwaysRefresh":false,"showFog":true,"showSkybox":true,"showFlares":true,"showImageEffects":true,"showParticleSystems":true,"showVisualEffectGraphs":true,"m_FxEnabled":true},"in2DMode":false,"pivot":{"x":45.301841735839847,"y":86.99300384521485,"z":1.146759033203125},"rotation":{"x":-0.0347873829305172,"y":0.025760570541024209,"z":-0.0009216716862283647,"w":-0.9989908933639526},"size":136.2592315673828,"orthographic":false}